{
"lengthUnit": "mil",
"components": {
	"fields": ["COMPONENT_NO", "COMPONENT_NAME", "LAYER", "X_COORDINATE", "Y_COORDINATE", "ANGLE"],
	"rows": [
		[1, "C1", "T", 2515, 5040, 0],
		[2, "C2", "T", 4363.22, 4997.29, 270],
		[3, "CN1", "T", 675.55, 2220.91, 270],
		[4, "CN2", "T", 675.55, 3008.31, 270],
		[5, "CN3", "T", 675.55, 3795.71, 270],
		[6, "CN4", "T", 675.55, 4583.11, 270],
		[7, "CN5", "T", 675.55, 5370.51, 270],
		[8, "CN6", "T", 675.55, 6157.91, 270],
		[9, "CN7", "T", 675.55, 6945.31, 270],
		[10, "PD1", "T", 3260.85, 3225.64, 90],
		[11, "RELAY1", "T", 1462.95, 2220.91, 180],
		[12, "RELAY2", "T", 1462.95, 3008.31, 180],
		[13, "RELAY3", "T", 1462.95, 3795.71, 180],
		[14, "RELAY4", "T", 1462.95, 4583.11, 180],
		[15, "RELAY5", "T", 1462.95, 5370.51, 180],
		[16, "RELAY6", "T", 1462.95, 6157.91, 180],
		[17, "RELAY7", "T", 1462.95, 6945.31, 180],
		[18, "U1", "T", 2520.91, 4413.11, 90],
		[19, "U2", "T", 2945.89, 3343.75, 90],
		[20, "U4", "T", 2430, 5325, 90],
		[21, "U5", "T", 4365, 5530, 90],
		[22, "U7", "T", 4402.59, 3422.49, 90]
	]
},
"pins": {
	"fields": ["PIN_NO", "PIN_NAME", "PIN_X", "PIN_Y", "LAYER", "PIN_TYPE", "NET_NAME", "NET_TYPE", "PAD_SHAPE", "PAD_SIZEX", "PAD_SIZEY", "HOLE_SIZE", "PAD_ANGLE"],
	"rows": [
		[1, "C1_1", 2465.79, 5040, "T", "DIP", "12V_IN", "", "C", 59.05, 59.05, 35.43, 0],
		[2, "C1_1", 2465.79, 5040, "B", "DIP", "12V_IN", "", "C", 59.05, 59.05, 35.43, 0],
		[3, "C1_2", 2564.21, 5040, "T", "DIP", "12V_GND", "", "C", 59.05, 59.05, 35.43, 0],
		[4, "C1_2", 2564.21, 5040, "B", "DIP", "12V_GND", "", "C", 59.05, 59.05, 35.43, 0],
		[5, "C2_1", 4363.22, 5046.5, "T", "DIP", "5V_IN", "", "C", 59.05, 59.05, 35.43, 270],
		[6, "C2_1", 4363.22, 5046.5, "B", "DIP", "5V_IN", "", "C", 59.05, 59.05, 35.43, 270],
		[7, "C2_2", 4363.22, 4948.08, "T", "DIP", "5V_GND", "", "C", 59.05, 59.05, 35.43, 270],
		[8, "C2_2", 4363.22, 4948.08, "B", "DIP", "5V_GND", "", "C", 59.05, 59.05, 35.43, 270],
		[9, "CN1_1", 675.55, 2417.76, "T", "DIP", "NO_1", "", "R", 98.42, 98.42, 59.06, 270],
		[10, "CN1_1", 675.55, 2417.76, "B", "DIP", "NO_1", "", "R", 98.42, 98.42, 59.06, 270],
		[11, "CN1_2", 675.55, 2220.91, "T", "DIP", "COM_1", "", "C", 98.42, 98.42, 59.06, 270],
		[12, "CN1_2", 675.55, 2220.91, "B", "DIP", "COM_1", "", "C", 98.42, 98.42, 59.06, 270],
		[13, "CN1_3", 675.55, 2024.06, "T", "DIP", "NC_1", "", "C", 98.42, 98.42, 59.06, 270],
		[14, "CN1_3", 675.55, 2024.06, "B", "DIP", "NC_1", "", "C", 98.42, 98.42, 59.06, 270],
		[15, "CN2_1", 675.55, 3205.16, "T", "DIP", "NO_2", "", "R", 98.42, 98.42, 59.06, 270],
		[16, "CN2_1", 675.55, 3205.16, "B", "DIP", "NO_2", "", "R", 98.42, 98.42, 59.06, 270],
		[17, "CN2_2", 675.55, 3008.31, "T", "DIP", "COM_2", "", "C", 98.42, 98.42, 59.06, 270],
		[18, "CN2_2", 675.55, 3008.31, "B", "DIP", "COM_2", "", "C", 98.42, 98.42, 59.06, 270],
		[19, "CN2_3", 675.55, 2811.46, "T", "DIP", "NC_2", "", "C", 98.42, 98.42, 59.06, 270],
		[20, "CN2_3", 675.55, 2811.46, "B", "DIP", "NC_2", "", "C", 98.42, 98.42, 59.06, 270],
		[21, "CN3_1", 675.55, 3992.56, "T", "DIP", "NO_3", "", "R", 98.42, 98.42, 59.06, 270],
		[22, "CN3_1", 675.55, 3992.56, "B", "DIP", "NO_3", "", "R", 98.42, 98.42, 59.06, 270],
		[23, "CN3_2", 675.55, 3795.71, "T", "DIP", "COM_3", "", "C", 98.42, 98.42, 59.06, 270],
		[24, "CN3_2", 675.55, 3795.71, "B", "DIP", "COM_3", "", "C", 98.42, 98.42, 59.06, 270],
		[25, "CN3_3", 675.55, 3598.86, "T", "DIP", "NC_3", "", "C", 98.42, 98.42, 59.06, 270],
		[26, "CN3_3", 675.55, 3598.86, "B", "DIP", "NC_3", "", "C", 98.42, 98.42, 59.06, 270],
		[27, "CN4_1", 675.55, 4779.96, "T", "DIP", "NO_4", "", "R", 98.42, 98.42, 59.06, 270],
		[28, "CN4_1", 675.55, 4779.96, "B", "DIP", "NO_4", "", "R", 98.42, 98.42, 59.06, 270],
		[29, "CN4_2", 675.55, 4583.11, "T", "DIP", "COM_4", "", "C", 98.42, 98.42, 59.06, 270],
		[30, "CN4_2", 675.55, 4583.11, "B", "DIP", "COM_4", "", "C", 98.42, 98.42, 59.06, 270],
		[31, "CN4_3", 675.55, 4386.26, "T", "DIP", "NC_4", "", "C", 98.42, 98.42, 59.06, 270],
		[32, "CN4_3", 675.55, 4386.26, "B", "DIP", "NC_4", "", "C", 98.42, 98.42, 59.06, 270],
		[33, "CN5_1", 675.55, 5567.36, "T", "DIP", "NO_5", "", "R", 98.42, 98.42, 59.06, 270],
		[34, "CN5_1", 675.55, 5567.36, "B", "DIP", "NO_5", "", "R", 98.42, 98.42, 59.06, 270],
		[35, "CN5_2", 675.55, 5370.51, "T", "DIP", "COM_5", "", "C", 98.42, 98.42, 59.06, 270],
		[36, "CN5_2", 675.55, 5370.51, "B", "DIP", "COM_5", "", "C", 98.42, 98.42, 59.06, 270],
		[37, "CN5_3", 675.55, 5173.66, "T", "DIP", "NC_5", "", "C", 98.42, 98.42, 59.06, 270],
		[38, "CN5_3", 675.55, 5173.66, "B", "DIP", "NC_5", "", "C", 98.42, 98.42, 59.06, 270],
		[39, "CN6_1", 675.55, 6354.76, "T", "DIP", "NO_6", "", "R", 98.42, 98.42, 59.06, 270],
		[40, "CN6_1", 675.55, 6354.76, "B", "DIP", "NO_6", "", "R", 98.42, 98.42, 59.06, 270],
		[41, "CN6_2", 675.55, 6157.91, "T", "DIP", "COM_6", "", "C", 98.42, 98.42, 59.06, 270],
		[42, "CN6_2", 675.55, 6157.91, "B", "DIP", "COM_6", "", "C", 98.42, 98.42, 59.06, 270],
		[43, "CN6_3", 675.55, 5961.06, "T", "DIP", "NC_6", "", "C", 98.42, 98.42, 59.06, 270],
		[44, "CN6_3", 675.55, 5961.06, "B", "DIP", "NC_6", "", "C", 98.42, 98.42, 59.06, 270],
		[45, "CN7_1", 675.55, 7142.16, "T", "DIP", "NO_7", "", "R", 98.42, 98.42, 59.06, 270],
		[46, "CN7_1", 675.55, 7142.16, "B", "DIP", "NO_7", "", "R", 98.42, 98.42, 59.06, 270],
		[47, "CN7_2", 675.55, 6945.31, "T", "DIP", "COM_7", "", "C", 98.42, 98.42, 59.06, 270],
		[48, "CN7_2", 675.55, 6945.31, "B", "DIP", "COM_7", "", "C", 98.42, 98.42, 59.06, 270],
		[49, "CN7_3", 675.55, 6748.47, "T", "DIP", "NC_7", "", "C", 98.42, 98.42, 59.06, 270],
		[50, "CN7_3", 675.55, 6748.47, "B", "DIP", "NC_7", "", "C", 98.42, 98.42, 59.06, 270],
		[51, "PD1_1", 3260.85, 3225.64, "T", "DIP", "IO23", "", "R", 62, 62, 35, 0],
		[52, "PD1_1", 3260.85, 3225.64, "B", "DIP", "IO23", "", "R", 62, 62, 35, 0],
		[53, "PD1_2", 3360.85, 3225.64, "T", "DIP", "IO22", "", "C", 62, 62, 35, 0],
		[54, "PD1_2", 3360.85, 3225.64, "B", "DIP", "IO22", "", "C", 62, 62, 35, 0],
		[55, "PD1_3", 3460.85, 3225.64, "T", "DIP", "TX0", "", "C", 62, 62, 35, 0],
		[56, "PD1_3", 3460.85, 3225.64, "B", "DIP", "TX0", "", "C", 62, 62, 35, 0],
		[57, "PD1_4", 3560.85, 3225.64, "T", "DIP", "RX0", "", "C", 62, 62, 35, 0],
		[58, "PD1_4", 3560.85, 3225.64, "B", "DIP", "RX0", "", "C", 62, 62, 35, 0],
		[59, "PD1_5", 3660.85, 3225.64, "T", "DIP", "TX2", "", "C", 62, 62, 35, 0],
		[60, "PD1_5", 3660.85, 3225.64, "B", "DIP", "TX2", "", "C", 62, 62, 35, 0],
		[61, "PD1_6", 3760.85, 3225.64, "T", "DIP", "RX2", "", "C", 62, 62, 35, 0],
		[62, "PD1_6", 3760.85, 3225.64, "B", "DIP", "RX2", "", "C", 62, 62, 35, 0],
		[63, "PD1_7", 3860.85, 3225.64, "T", "DIP", "ESP_GND", "", "C", 62, 62, 35, 0],
		[64, "PD1_7", 3860.85, 3225.64, "B", "DIP", "ESP_GND", "", "C", 62, 62, 35, 0],
		[65, "PD1_8", 3960.85, 3225.64, "T", "DIP", "3V3", "", "C", 62, 62, 35, 0],
		[66, "PD1_8", 3960.85, 3225.64, "B", "DIP", "3V3", "", "C", 62, 62, 35, 0],
		[67, "RELAY1_1", 1663.74, 2457.13, "T", "DIP", "12V_IN", "", "C", 110, 110, 60, 0],
		[68, "RELAY1_1", 1663.74, 2457.13, "B", "DIP", "12V_IN", "", "C", 110, 110, 60, 0],
		[69, "RELAY1_2", 1183.42, 2457.11, "T", "DIP", "NO_1", "", "C", 110, 110, 60, 0],
		[70, "RELAY1_2", 1183.42, 2457.11, "B", "DIP", "NO_1", "", "C", 110, 110, 60, 0],
		[71, "RELAY1_3", 1183.42, 1984.71, "T", "DIP", "NC_1", "", "C", 110, 110, 60, 0],
		[72, "RELAY1_3", 1183.42, 1984.71, "B", "DIP", "NC_1", "", "C", 110, 110, 60, 0],
		[73, "RELAY1_4", 1663.74, 1984.69, "T", "DIP", "1C", "", "C", 110, 110, 60, 0],
		[74, "RELAY1_4", 1663.74, 1984.69, "B", "DIP", "1C", "", "C", 110, 110, 60, 0],
		[75, "RELAY1_5", 1742.48, 2220.91, "T", "DIP", "COM_1", "", "C", 110, 110, 60, 0],
		[76, "RELAY1_5", 1742.48, 2220.91, "B", "DIP", "COM_1", "", "C", 110, 110, 60, 0],
		[77, "RELAY2_1", 1663.74, 3244.53, "T", "DIP", "12V_IN", "", "C", 110, 110, 60, 0],
		[78, "RELAY2_1", 1663.74, 3244.53, "B", "DIP", "12V_IN", "", "C", 110, 110, 60, 0],
		[79, "RELAY2_2", 1183.42, 3244.51, "T", "DIP", "NO_2", "", "C", 110, 110, 60, 0],
		[80, "RELAY2_2", 1183.42, 3244.51, "B", "DIP", "NO_2", "", "C", 110, 110, 60, 0],
		[81, "RELAY2_3", 1183.42, 2772.11, "T", "DIP", "NC_2", "", "C", 110, 110, 60, 0],
		[82, "RELAY2_3", 1183.42, 2772.11, "B", "DIP", "NC_2", "", "C", 110, 110, 60, 0],
		[83, "RELAY2_4", 1663.74, 2772.09, "T", "DIP", "2C", "", "C", 110, 110, 60, 0],
		[84, "RELAY2_4", 1663.74, 2772.09, "B", "DIP", "2C", "", "C", 110, 110, 60, 0],
		[85, "RELAY2_5", 1742.48, 3008.31, "T", "DIP", "COM_2", "", "C", 110, 110, 60, 0],
		[86, "RELAY2_5", 1742.48, 3008.31, "B", "DIP", "COM_2", "", "C", 110, 110, 60, 0],
		[87, "RELAY3_1", 1663.74, 4031.93, "T", "DIP", "12V_IN", "", "C", 110, 110, 60, 0],
		[88, "RELAY3_1", 1663.74, 4031.93, "B", "DIP", "12V_IN", "", "C", 110, 110, 60, 0],
		[89, "RELAY3_2", 1183.42, 4031.91, "T", "DIP", "NO_3", "", "C", 110, 110, 60, 0],
		[90, "RELAY3_2", 1183.42, 4031.91, "B", "DIP", "NO_3", "", "C", 110, 110, 60, 0],
		[91, "RELAY3_3", 1183.42, 3559.51, "T", "DIP", "NC_3", "", "C", 110, 110, 60, 0],
		[92, "RELAY3_3", 1183.42, 3559.51, "B", "DIP", "NC_3", "", "C", 110, 110, 60, 0],
		[93, "RELAY3_4", 1663.74, 3559.49, "T", "DIP", "3C", "", "C", 110, 110, 60, 0],
		[94, "RELAY3_4", 1663.74, 3559.49, "B", "DIP", "3C", "", "C", 110, 110, 60, 0],
		[95, "RELAY3_5", 1742.48, 3795.71, "T", "DIP", "COM_3", "", "C", 110, 110, 60, 0],
		[96, "RELAY3_5", 1742.48, 3795.71, "B", "DIP", "COM_3", "", "C", 110, 110, 60, 0],
		[97, "RELAY4_1", 1663.74, 4819.33, "T", "DIP", "12V_IN", "", "C", 110, 110, 60, 0],
		[98, "RELAY4_1", 1663.74, 4819.33, "B", "DIP", "12V_IN", "", "C", 110, 110, 60, 0],
		[99, "RELAY4_2", 1183.42, 4819.31, "T", "DIP", "NO_4", "", "C", 110, 110, 60, 0],
		[100, "RELAY4_2", 1183.42, 4819.31, "B", "DIP", "NO_4", "", "C", 110, 110, 60, 0],
		[101, "RELAY4_3", 1183.42, 4346.91, "T", "DIP", "NC_4", "", "C", 110, 110, 60, 0],
		[102, "RELAY4_3", 1183.42, 4346.91, "B", "DIP", "NC_4", "", "C", 110, 110, 60, 0],
		[103, "RELAY4_4", 1663.74, 4346.89, "T", "DIP", "4C", "", "C", 110, 110, 60, 0],
		[104, "RELAY4_4", 1663.74, 4346.89, "B", "DIP", "4C", "", "C", 110, 110, 60, 0],
		[105, "RELAY4_5", 1742.48, 4583.11, "T", "DIP", "COM_4", "", "C", 110, 110, 60, 0],
		[106, "RELAY4_5", 1742.48, 4583.11, "B", "DIP", "COM_4", "", "C", 110, 110, 60, 0],
		[107, "RELAY5_1", 1663.74, 5606.73, "T", "DIP", "12V_IN", "", "C", 110, 110, 60, 0],
		[108, "RELAY5_1", 1663.74, 5606.73, "B", "DIP", "12V_IN", "", "C", 110, 110, 60, 0],
		[109, "RELAY5_2", 1183.42, 5606.71, "T", "DIP", "NO_5", "", "C", 110, 110, 60, 0],
		[110, "RELAY5_2", 1183.42, 5606.71, "B", "DIP", "NO_5", "", "C", 110, 110, 60, 0],
		[111, "RELAY5_3", 1183.42, 5134.31, "T", "DIP", "NC_5", "", "C", 110, 110, 60, 0],
		[112, "RELAY5_3", 1183.42, 5134.31, "B", "DIP", "NC_5", "", "C", 110, 110, 60, 0],
		[113, "RELAY5_4", 1663.74, 5134.29, "T", "DIP", "5C", "", "C", 110, 110, 60, 0],
		[114, "RELAY5_4", 1663.74, 5134.29, "B", "DIP", "5C", "", "C", 110, 110, 60, 0],
		[115, "RELAY5_5", 1742.48, 5370.51, "T", "DIP", "COM_5", "", "C", 110, 110, 60, 0],
		[116, "RELAY5_5", 1742.48, 5370.51, "B", "DIP", "COM_5", "", "C", 110, 110, 60, 0],
		[117, "RELAY6_1", 1663.74, 6394.13, "T", "DIP", "12V_IN", "", "C", 110, 110, 60, 0],
		[118, "RELAY6_1", 1663.74, 6394.13, "B", "DIP", "12V_IN", "", "C", 110, 110, 60, 0],
		[119, "RELAY6_2", 1183.42, 6394.11, "T", "DIP", "NO_6", "", "C", 110, 110, 60, 0],
		[120, "RELAY6_2", 1183.42, 6394.11, "B", "DIP", "NO_6", "", "C", 110, 110, 60, 0],
		[121, "RELAY6_3", 1183.42, 5921.71, "T", "DIP", "NC_6", "", "C", 110, 110, 60, 0],
		[122, "RELAY6_3", 1183.42, 5921.71, "B", "DIP", "NC_6", "", "C", 110, 110, 60, 0],
		[123, "RELAY6_4", 1663.74, 5921.69, "T", "DIP", "6C", "", "C", 110, 110, 60, 0],
		[124, "RELAY6_4", 1663.74, 5921.69, "B", "DIP", "6C", "", "C", 110, 110, 60, 0],
		[125, "RELAY6_5", 1742.48, 6157.91, "T", "DIP", "COM_6", "", "C", 110, 110, 60, 0],
		[126, "RELAY6_5", 1742.48, 6157.91, "B", "DIP", "COM_6", "", "C", 110, 110, 60, 0],
		[127, "RELAY7_1", 1663.74, 7181.53, "T", "DIP", "12V_IN", "", "C", 110, 110, 60, 0],
		[128, "RELAY7_1", 1663.74, 7181.53, "B", "DIP", "12V_IN", "", "C", 110, 110, 60, 0],
		[129, "RELAY7_2", 1183.42, 7181.51, "T", "DIP", "NO_7", "", "C", 110, 110, 60, 0],
		[130, "RELAY7_2", 1183.42, 7181.51, "B", "DIP", "NO_7", "", "C", 110, 110, 60, 0],
		[131, "RELAY7_3", 1183.42, 6709.11, "T", "DIP", "NC_7", "", "C", 110, 110, 60, 0],
		[132, "RELAY7_3", 1183.42, 6709.11, "B", "DIP", "NC_7", "", "C", 110, 110, 60, 0],
		[133, "RELAY7_4", 1663.74, 6709.09, "T", "DIP", "7C", "", "C", 110, 110, 60, 0],
		[134, "RELAY7_4", 1663.74, 6709.09, "B", "DIP", "7C", "", "C", 110, 110, 60, 0],
		[135, "RELAY7_5", 1742.48, 6945.31, "T", "DIP", "COM_7", "", "C", 110, 110, 60, 0],
		[136, "RELAY7_5", 1742.48, 6945.31, "B", "DIP", "COM_7", "", "C", 110, 110, 60, 0],
		[137, "U1_1", 2670.91, 4063.11, "T", "DIP", "IO21", "", "C", 62.99, 62.99, 39.37, 180],
		[138, "U1_1", 2670.91, 4063.11, "B", "DIP", "IO21", "", "C", 62.99, 62.99, 39.37, 180],
		[139, "U1_2", 2670.91, 4163.11, "T", "DIP", "IO19", "", "C", 62.99, 62.99, 39.37, 180],
		[140, "U1_2", 2670.91, 4163.11, "B", "DIP", "IO19", "", "C", 62.99, 62.99, 39.37, 180],
		[141, "U1_3", 2670.91, 4263.11, "T", "DIP", "IO18", "", "C", 62.99, 62.99, 39.37, 180],
		[142, "U1_3", 2670.91, 4263.11, "B", "DIP", "IO18", "", "C", 62.99, 62.99, 39.37, 180],
		[143, "U1_4", 2670.91, 4363.11, "T", "DIP", "IO5", "", "C", 62.99, 62.99, 39.37, 180],
		[144, "U1_4", 2670.91, 4363.11, "B", "DIP", "IO5", "", "C", 62.99, 62.99, 39.37, 180],
		[145, "U1_5", 2670.91, 4463.11, "T", "DIP", "IO4", "", "C", 62.99, 62.99, 39.37, 180],
		[146, "U1_5", 2670.91, 4463.11, "B", "DIP", "IO4", "", "C", 62.99, 62.99, 39.37, 180],
		[147, "U1_6", 2670.91, 4563.11, "T", "DIP", "IO2", "", "C", 62.99, 62.99, 39.37, 180],
		[148, "U1_6", 2670.91, 4563.11, "B", "DIP", "IO2", "", "C", 62.99, 62.99, 39.37, 180],
		[149, "U1_7", 2670.91, 4663.11, "T", "DIP", "IO15", "", "C", 62.99, 62.99, 39.37, 180],
		[150, "U1_7", 2670.91, 4663.11, "B", "DIP", "IO15", "", "C", 62.99, 62.99, 39.37, 180],
		[151, "U1_8", 2670.91, 4763.11, "T", "DIP", "12V_GND", "", "C", 62.99, 62.99, 39.37, 180],
		[152, "U1_8", 2670.91, 4763.11, "B", "DIP", "12V_GND", "", "C", 62.99, 62.99, 39.37, 180],
		[153, "U1_9", 2370.91, 4763.11, "T", "DIP", "12V_IN", "", "C", 62.99, 62.99, 39.37, 180],
		[154, "U1_9", 2370.91, 4763.11, "B", "DIP", "12V_IN", "", "C", 62.99, 62.99, 39.37, 180],
		[155, "U1_10", 2370.91, 4663.11, "T", "DIP", "7C", "", "C", 62.99, 62.99, 39.37, 180],
		[156, "U1_10", 2370.91, 4663.11, "B", "DIP", "7C", "", "C", 62.99, 62.99, 39.37, 180],
		[157, "U1_11", 2370.91, 4563.11, "T", "DIP", "6C", "", "C", 62.99, 62.99, 39.37, 180],
		[158, "U1_11", 2370.91, 4563.11, "B", "DIP", "6C", "", "C", 62.99, 62.99, 39.37, 180],
		[159, "U1_12", 2370.91, 4463.11, "T", "DIP", "5C", "", "C", 62.99, 62.99, 39.37, 180],
		[160, "U1_12", 2370.91, 4463.11, "B", "DIP", "5C", "", "C", 62.99, 62.99, 39.37, 180],
		[161, "U1_13", 2370.91, 4363.11, "T", "DIP", "4C", "", "C", 62.99, 62.99, 39.37, 180],
		[162, "U1_13", 2370.91, 4363.11, "B", "DIP", "4C", "", "C", 62.99, 62.99, 39.37, 180],
		[163, "U1_14", 2370.91, 4263.11, "T", "DIP", "3C", "", "C", 62.99, 62.99, 39.37, 180],
		[164, "U1_14", 2370.91, 4263.11, "B", "DIP", "3C", "", "C", 62.99, 62.99, 39.37, 180],
		[165, "U1_15", 2370.91, 4163.11, "T", "DIP", "2C", "", "C", 62.99, 62.99, 39.37, 180],
		[166, "U1_15", 2370.91, 4163.11, "B", "DIP", "2C", "", "C", 62.99, 62.99, 39.37, 180],
		[167, "U1_16", 2370.91, 4063.11, "T", "DIP", "1C", "", "C", 62.99, 62.99, 39.37, 180],
		[168, "U1_16", 2370.91, 4063.11, "B", "DIP", "1C", "", "C", 62.99, 62.99, 39.37, 180],
		[169, "U2_1", 3113.89, 5035.75, "T", "DIP", "3V3", "", "R", 60, 60, 37.8, 0],
		[170, "U2_1", 3113.89, 5035.75, "B", "DIP", "3V3", "", "R", 60, 60, 37.8, 0],
		[171, "U2_2", 3114.89, 4939.75, "T", "DIP", "ESP_GND", "", "C", 60, 60, 36, 0],
		[172, "U2_2", 3114.89, 4939.75, "B", "DIP", "ESP_GND", "", "C", 60, 60, 36, 0],
		[173, "U2_3", 3114.89, 4839.75, "T", "DIP", "IO15", "", "C", 60, 60, 36, 0],
		[174, "U2_3", 3114.89, 4839.75, "B", "DIP", "IO15", "", "C", 60, 60, 36, 0],
		[175, "U2_4", 3114.89, 4739.75, "T", "DIP", "IO2", "", "C", 60, 60, 36, 0],
		[176, "U2_4", 3114.89, 4739.75, "B", "DIP", "IO2", "", "C", 60, 60, 36, 0],
		[177, "U2_5", 3114.89, 4639.75, "T", "DIP", "IO4", "", "C", 60, 60, 36, 0],
		[178, "U2_5", 3114.89, 4639.75, "B", "DIP", "IO4", "", "C", 60, 60, 36, 0],
		[179, "U2_6", 3114.89, 4539.75, "T", "DIP", "RX2", "", "C", 60, 60, 36, 0],
		[180, "U2_6", 3114.89, 4539.75, "B", "DIP", "RX2", "", "C", 60, 60, 36, 0],
		[181, "U2_7", 3114.89, 4439.75, "T", "DIP", "TX2", "", "C", 60, 60, 36, 0],
		[182, "U2_7", 3114.89, 4439.75, "B", "DIP", "TX2", "", "C", 60, 60, 36, 0],
		[183, "U2_8", 3114.89, 4339.75, "T", "DIP", "IO5", "", "C", 60, 60, 36, 0],
		[184, "U2_8", 3114.89, 4339.75, "B", "DIP", "IO5", "", "C", 60, 60, 36, 0],
		[185, "U2_9", 3114.89, 4239.75, "T", "DIP", "IO18", "", "C", 60, 60, 36, 0],
		[186, "U2_9", 3114.89, 4239.75, "B", "DIP", "IO18", "", "C", 60, 60, 36, 0],
		[187, "U2_10", 3114.89, 4139.75, "T", "DIP", "IO19", "", "C", 60, 60, 36, 0],
		[188, "U2_10", 3114.89, 4139.75, "B", "DIP", "IO19", "", "C", 60, 60, 36, 0],
		[189, "U2_11", 3114.89, 4039.75, "T", "DIP", "IO21", "", "C", 60, 60, 36, 0],
		[190, "U2_11", 3114.89, 4039.75, "B", "DIP", "IO21", "", "C", 60, 60, 36, 0],
		[191, "U2_12", 3114.89, 3939.75, "T", "DIP", "RX0", "", "C", 60, 60, 36, 0],
		[192, "U2_12", 3114.89, 3939.75, "B", "DIP", "RX0", "", "C", 60, 60, 36, 0],
		[193, "U2_13", 3114.89, 3839.75, "T", "DIP", "TX0", "", "C", 60, 60, 36, 0],
		[194, "U2_13", 3114.89, 3839.75, "B", "DIP", "TX0", "", "C", 60, 60, 36, 0],
		[195, "U2_14", 3114.89, 3739.75, "T", "DIP", "IO22", "", "C", 60, 60, 36, 0],
		[196, "U2_14", 3114.89, 3739.75, "B", "DIP", "IO22", "", "C", 60, 60, 36, 0],
		[197, "U2_15", 3114.89, 3639.75, "T", "DIP", "IO23", "", "C", 60, 60, 36, 0],
		[198, "U2_15", 3114.89, 3639.75, "B", "DIP", "IO23", "", "C", 60, 60, 36, 0],
		[199, "U2_16", 4106.89, 3640.76, "T", "DIP", "EN", "", "C", 60, 60, 36, 180],
		[200, "U2_16", 4106.89, 3640.76, "B", "DIP", "EN", "", "C", 60, 60, 36, 180],
		[201, "U2_17", 4106.89, 3740.76, "T", "DIP", "VP", "", "C", 60, 60, 36, 180],
		[202, "U2_17", 4106.89, 3740.76, "B", "DIP", "VP", "", "C", 60, 60, 36, 180],
		[203, "U2_18", 4106.89, 3840.76, "T", "DIP", "VN", "", "C", 60, 60, 36, 180],
		[204, "U2_18", 4106.89, 3840.76, "B", "DIP", "VN", "", "C", 60, 60, 36, 180],
		[205, "U2_19", 4106.89, 3940.76, "T", "DIP", "IO34", "", "C", 60, 60, 36, 180],
		[206, "U2_19", 4106.89, 3940.76, "B", "DIP", "IO34", "", "C", 60, 60, 36, 180],
		[207, "U2_20", 4106.89, 4040.76, "T", "DIP", "IO35", "", "C", 60, 60, 36, 180],
		[208, "U2_20", 4106.89, 4040.76, "B", "DIP", "IO35", "", "C", 60, 60, 36, 180],
		[209, "U2_21", 4106.89, 4140.76, "T", "DIP", "IO32", "", "C", 60, 60, 36, 180],
		[210, "U2_21", 4106.89, 4140.76, "B", "DIP", "IO32", "", "C", 60, 60, 36, 180],
		[211, "U2_22", 4106.89, 4240.76, "T", "DIP", "IO33", "", "C", 60, 60, 36, 180],
		[212, "U2_22", 4106.89, 4240.76, "B", "DIP", "IO33", "", "C", 60, 60, 36, 180],
		[213, "U2_23", 4106.89, 4340.76, "T", "DIP", "IO25", "", "C", 60, 60, 36, 180],
		[214, "U2_23", 4106.89, 4340.76, "B", "DIP", "IO25", "", "C", 60, 60, 36, 180],
		[215, "U2_24", 4106.89, 4440.76, "T", "DIP", "IO26", "", "C", 60, 60, 36, 180],
		[216, "U2_24", 4106.89, 4440.76, "B", "DIP", "IO26", "", "C", 60, 60, 36, 180],
		[217, "U2_25", 4106.89, 4540.76, "T", "DIP", "IO27", "", "C", 60, 60, 36, 180],
		[218, "U2_25", 4106.89, 4540.76, "B", "DIP", "IO27", "", "C", 60, 60, 36, 180],
		[219, "U2_26", 4106.89, 4640.76, "T", "DIP", "IO14", "", "C", 60, 60, 36, 180],
		[220, "U2_26", 4106.89, 4640.76, "B", "DIP", "IO14", "", "C", 60, 60, 36, 180],
		[221, "U2_27", 4106.89, 4740.76, "T", "DIP", "IO12", "", "C", 60, 60, 36, 180],
		[222, "U2_27", 4106.89, 4740.76, "B", "DIP", "IO12", "", "C", 60, 60, 36, 180],
		[223, "U2_28", 4106.89, 4840.76, "T", "DIP", "IO13", "", "C", 60, 60, 36, 180],
		[224, "U2_28", 4106.89, 4840.76, "B", "DIP", "IO13", "", "C", 60, 60, 36, 180],
		[225, "U2_29", 4106.89, 4940.76, "T", "DIP", "5V_GND", "", "C", 60, 60, 36, 180],
		[226, "U2_29", 4106.89, 4940.76, "B", "DIP", "5V_GND", "", "C", 60, 60, 36, 180],
		[227, "U2_30", 4106.89, 5040.76, "T", "DIP", "5V_IN", "", "C", 60, 60, 36, 180],
		[228, "U2_30", 4106.89, 5040.76, "B", "DIP", "5V_IN", "", "C", 60, 60, 36, 180],
		[229, "U4_1", 2430, 5325, "T", "DIP", "12V_IN", "", "C", 98.43, 98.43, 59.06, 0],
		[230, "U4_1", 2430, 5325, "B", "DIP", "12V_IN", "", "C", 98.43, 98.43, 59.06, 0],
		[231, "U4_2", 2626.85, 5325, "T", "DIP", "12V_GND", "", "C", 98.43, 98.43, 59.06, 0],
		[232, "U4_2", 2626.85, 5325, "B", "DIP", "12V_GND", "", "C", 98.43, 98.43, 59.06, 0],
		[233, "U5_1", 4365, 5530, "T", "DIP", "5V_IN", "", "C", 98.43, 98.43, 59.06, 0],
		[234, "U5_1", 4365, 5530, "B", "DIP", "5V_IN", "", "C", 98.43, 98.43, 59.06, 0],
		[235, "U5_2", 4561.85, 5530, "T", "DIP", "5V_GND", "", "C", 98.43, 98.43, 59.06, 0],
		[236, "U5_2", 4561.85, 5530, "B", "DIP", "5V_GND", "", "C", 98.43, 98.43, 59.06, 0],
		[237, "U7_1", 4352.59, 3472.49, "T", "DIP", "EN", "", "C", 66.93, 66.93, 43.31, 90],
		[238, "U7_1", 4352.59, 3472.49, "B", "DIP", "EN", "", "C", 66.93, 66.93, 43.31, 90],
		[239, "U7_2", 4352.59, 3572.49, "T", "DIP", "VP", "", "C", 66.93, 66.93, 43.31, 90],
		[240, "U7_2", 4352.59, 3572.49, "B", "DIP", "VP", "", "C", 66.93, 66.93, 43.31, 90],
		[241, "U7_3", 4352.59, 3672.49, "T", "DIP", "VN", "", "C", 66.93, 66.93, 43.31, 90],
		[242, "U7_3", 4352.59, 3672.49, "B", "DIP", "VN", "", "C", 66.93, 66.93, 43.31, 90],
		[243, "U7_4", 4352.59, 3772.49, "T", "DIP", "IO34", "", "C", 66.93, 66.93, 43.31, 90],
		[244, "U7_4", 4352.59, 3772.49, "B", "DIP", "IO34", "", "C", 66.93, 66.93, 43.31, 90],
		[245, "U7_5", 4352.59, 3872.49, "T", "DIP", "IO35", "", "C", 66.93, 66.93, 43.31, 90],
		[246, "U7_5", 4352.59, 3872.49, "B", "DIP", "IO35", "", "C", 66.93, 66.93, 43.31, 90],
		[247, "U7_6", 4352.59, 3972.49, "T", "DIP", "IO32", "", "C", 66.93, 66.93, 43.31, 90],
		[248, "U7_6", 4352.59, 3972.49, "B", "DIP", "IO32", "", "C", 66.93, 66.93, 43.31, 90],
		[249, "U7_7", 4352.59, 4072.49, "T", "DIP", "IO33", "", "C", 66.93, 66.93, 43.31, 90],
		[250, "U7_7", 4352.59, 4072.49, "B", "DIP", "IO33", "", "C", 66.93, 66.93, 43.31, 90],
		[251, "U7_8", 4352.59, 4172.49, "T", "DIP", "IO25", "", "C", 66.93, 66.93, 43.31, 90],
		[252, "U7_8", 4352.59, 4172.49, "B", "DIP", "IO25", "", "C", 66.93, 66.93, 43.31, 90],
		[253, "U7_9", 4352.59, 4272.49, "T", "DIP", "IO26", "", "C", 66.93, 66.93, 43.31, 90],
		[254, "U7_9", 4352.59, 4272.49, "B", "DIP", "IO26", "", "C", 66.93, 66.93, 43.31, 90],
		[255, "U7_10", 4352.59, 4372.49, "T", "DIP", "IO27", "", "C", 66.93, 66.93, 43.31, 90],
		[256, "U7_10", 4352.59, 4372.49, "B", "DIP", "IO27", "", "C", 66.93, 66.93, 43.31, 90],
		[257, "U7_11", 4352.59, 4472.49, "T", "DIP", "IO14", "", "C", 66.93, 66.93, 43.31, 90],
		[258, "U7_11", 4352.59, 4472.49, "B", "DIP", "IO14", "", "C", 66.93, 66.93, 43.31, 90],
		[259, "U7_12", 4352.59, 4572.49, "T", "DIP", "IO12", "", "C", 66.93, 66.93, 43.31, 90],
		[260, "U7_12", 4352.59, 4572.49, "B", "DIP", "IO12", "", "C", 66.93, 66.93, 43.31, 90],
		[261, "U7_13", 4352.59, 4672.49, "T", "DIP", "IO13", "", "C", 66.93, 66.93, 43.31, 90],
		[262, "U7_13", 4352.59, 4672.49, "B", "DIP", "IO13", "", "C", 66.93, 66.93, 43.31, 90]
	]
}
}